offer_url,price,currency,num_images,street_address,description,city
https://adresowo.pl/o/mieszkanie-warszawa-srodmiescie-ul-emilii-plater-1-pokoj-i2r4d6,,,47,"ul. Emilii Plater, Warszawa ÅšrÃ³dmieÅ›cie, mazowieckie","Zapraszam do zakupu unikatowej nieruchomoÅ›ci w samym sercu Warszawy. Emilii Plater 36 to wielofunkcyjny budynek mieszkalny wybudowany w 1958.  Budynek poÅ‚oÅ¼ony obok PaÅ‚acu Kultury i Nauki w bliskiej odlegÅ‚oÅ›ci od gÅ‚Ã³wnych punktÃ³w komunikacyjnych miasta. NajbliÅ¼sza stacja metra (Rondo ONZ) poÅ‚oÅ¼ona jest w odlegÅ‚oÅ›ci okoÅ‚o 300 metrÃ³w. W bliskiej okolicy zlokalizowane sÄ… liczne punkty usÅ‚ugowe, handlowe oraz lokale gastronomiczne. W odlegÅ‚oÅ›ci ok. 350 metrÃ³w od budynku znajduje siÄ™ Muzeum Sztuki Nowoczesnej. NajbliÅ¼szy park poÅ‚oÅ¼ony jest po przeciwnej stronie ulicy. Oferowana nieruchomoÅ›Ä‡ to: 
Mieszkanie o powierzchni 37,21 mÂ², 4 piÄ™tro w 5-piÄ™trowej kamienicy, Warszawa, ÅšrÃ³dmieÅ›cie, ul. Emilii Plater 36. Mieszkanie Å›wieÅ¼o po remoncie generalnym, o bardzo funkcjonalnym ukÅ‚adzie: 
â€¢ jasny wygodny hol 
â€¢	otwarta nowoczesna kuchnia (w peÅ‚ni wyposaÅ¼ona we wszystkie urzÄ…dzenia: lodÃ³wka, kuchenka indukcja, piekarnik,  zmywarka oraz pralka w zabudowie ), 
â€¢ 1 duÅ¼y pokÃ³j w peÅ‚ni umeblowany obejmujÄ…cy strefÄ™ dziennÄ… oraz sypialnianÄ…. Pomieszczenie moÅ¼na Å‚atwo rozdzieliÄ‡ trwaÅ‚Ä… Å›ciankÄ… np. typu loftowego uzyskujÄ…c odrÄ™bne pomieszczenia wg. wÅ‚asnego uznania. 
â€¢ Å‚azienka z umywalkÄ…, kabinÄ… prysznicowÄ…, toaletÄ… i szafkÄ… (wystrÃ³j loftowy: biel / czerÅ„, drewno) 
CaÅ‚oÅ›Ä‡ wykoÅ„czona w wysokim standardzie z wykorzystaniem bardzo dobrych materiaÅ‚Ã³w. Atutem tego mieszkania jest widok na piÄ™knÄ… panoramÄ™ Warszawy. Mieszkanie sÅ‚oneczne, przytulne, w centrum miasta do kupienia w peÅ‚ni umeblowane jak na zdjÄ™ciach. MoÅ¼liwoÅ›Ä‡ zakupu rÃ³wnieÅ¼ wraz z elementami wystroju typu: narzuty, poduchy, kwiaty, ktÃ³re widoczne sÄ… na zdjÄ™ciach, ktÃ³re sÄ… nowe , wg. uznania do decyzji kupujÄ…cego).  
Budynek zadbany, czysta klatka schodowa, na piÄ™trze tylko 2-3 lokatorÃ³w.  Elewacja budynku od strony ulicy zostaÅ‚a ostatnio odÅ›wieÅ¼ona natomiast od strony podwÃ³rza â€“ w planie. 
Mieszkanie z ogromnym potencjaÅ‚em inwestycyjnym, idealne na wynajem, na start dla singla, dla pary itd. 
Mieszkanie gotowe do zamieszkania od zaraz bez koniecznoÅ›ci ponoszenia kosztÃ³w remontÃ³w.  
Atuty nieruchomoÅ›ci i otoczenia: mnogoÅ›Ä‡ restauracji, kawiarni, sklepÃ³w, usÅ‚ug, bankÃ³w. BliskoÅ›Ä‡: Dworca Centralnego, PaÅ‚acu Kultury, ZÅ‚otych TarasÃ³w. Åšwietna komunikacja: autobusy, tramwaje, metro ,dworzec kolejowy
 Oferta dodana bezpoÅ›rednio przez wÅ‚aÅ›ciciela.",warszawa
https://adresowo.pl/o/mieszkanie-warszawa-muranow-ul-mordechaja-anielewicza-3-pokojowe-d5h9g9,,,11,"ul. Mordechaja Anielewicza, Warszawa MuranÃ³w, mazowieckie","Przestronne 3-pokojowe mieszkanie w stanie do odÅ›wieÅ¼enia. CaÅ‚kowita powierzchnia 54,3 m2. Cena 19 000 zÅ‚ za m2, tj. 1 031 700 zÅ‚. 

Praktyczny ukÅ‚ad - osobna kuchnia, dwie sypialnie i duÅ¼y przechodni salon. Åazienka z prysznicem - wyremontowana w 2011. Instalacja elektryczna wymieniona w sypialniach oraz Å‚azience. Okna plastikowe wymienione w 2011 roku. Nowe grzejniki pÅ‚ytowe z termostatami.

Mieszkanie dwustronne z dwoma balkonami. Ekspozycja wschÃ³d-zachÃ³d. 

Blok zarzÄ…dzany przez prÄ™Å¼nÄ… wspÃ³lnotÄ™ mieszkaniowÄ…. Budynek odremontowany, po termomodernizacji z wymianÄ… instalacji CO.  Balkony wyremontowane. Do mieszkania przynaleÅ¼y wyremontowana piwnica. 

Winda od poziomu wejÅ›cia, bez schodÃ³w. 

Mieszkanie w bardzo atrakcyjnej lokalizacji i bardzo dobrze skomunikowane. W bezpoÅ›rednim sÄ…siedztwie przystanki tramwajowe i autobusowe, szkoÅ‚a podstawowa, park oraz Muzeum POLIN i Pawiak. Park KrasiÅ„skich na piechotÄ™ ok 10 minut, 20 minut do Starego Miasta. Do metra Ratusz 15 minut na piechotÄ™. 

SprzedaÅ¼ bezpoÅ›rednia od wÅ‚aÅ›ciciela. Agencjom dziÄ™kujemy. Nie zgadzam siÄ™ na wykorzystanie zdjÄ™Ä‡ i tekstu ogÅ‚oszenia bez uprzedniej zgody wÅ‚aÅ›ciciela. 

Niniejsze ogÅ‚oszenie jest wyÅ‚Ä…cznie informacjÄ… i nie stanowi oferty w rozumieniu art. 66 Â§ 1 Kodeksu Cywilnego.",warszawa
https://adresowo.pl/o/mieszkanie-warszawa-ursus-ul-jozefa-chelmonskiego-2-pokojowe-g7v9y1,,,12,"ul. JÃ³zefa CheÅ‚moÅ„skiego, Warszawa Ursus, mazowieckie","Mieszkanie z ogrÃ³dkiem na duÅ¼ej wysokoÅ›ci, dziÄ™ki czemu nie ma moÅ¼liwoÅ›ci zajrzenia przez przechodniÃ³w. Brak blokÃ³w bezpoÅ›rednio przed oknami, widok na drzewa.
Mieszkanie 43,7 m2 skÅ‚ada siÄ™ z:
- pokÃ³j z aneksem kuchennym 21,56m2
- Å‚azienka 4,32m2
- sypialnia 12,53m2
- hall 5,29m2
- loggia
- ogrÃ³dek ok. 30m2
Lokal znajduje siÄ™ w Warszawie, dzielnica Ursus Skorosze przy ulicy CheÅ‚moÅ„skiego.
Blok z 2005 roku, 6 piÄ™trowy z windÄ…, w peÅ‚ni przystosowany dla osÃ³b niepeÅ‚nosprawnych bÄ…dÅº wÃ³zkÃ³w.
NieruchomoÅ›Ä‡ znajduje siÄ™ na strzeÅ¼onym osiedlu z peÅ‚nym monitoringiem. Osiedle z zadbanymi nasadzeniami (o roÅ›linnoÅ›Ä‡ dba firma ogrodnicza), na terenie osiedla dwa place zabaw oraz ogrodzone boisko ze sztucznÄ… murawÄ…. Miejsca parkingowe dostÄ™pne bezpoÅ›rednio na osiedlu- brak problemÃ³w ze znalezieniem miejsca, jest rÃ³wnieÅ¼ moÅ¼liwoÅ›Ä‡ wynajÄ™cia miejsca na parkingu podziemnym. Osiedle z wÅ‚asnÄ… kotÅ‚owniÄ…,
BezpoÅ›redni przy osiedlu znajduje siÄ™ CENTRUM HANDLOWE SKOROSZE, piekarnie, sklepy, fitness, przedszkole, Å¼Å‚obek, przystanki autobusowe(178********,191,517,129). W niedalekiej odlegÅ‚oÅ›ci szkoÅ‚a, szkoÅ‚a taÅ„ca, basen, parki- w planach jest park bezpoÅ›rednio przy osiedlu.
WKD OPACZ-KOLONIA- 900m
PKP URSUS -1,2 km
PKP WÅ‚ochy- 1,9 km

MoÅ¼liwoÅ›Ä‡ zamiany mieszkania z dopÅ‚atÄ… na wiÄ™ksze/segment/dom w Warszawie lub do 15 km od Warszawy.
Oferta bezpoÅ›rednia. PoÅ›rednikom dziÄ™kujÄ™- wspÃ³Å‚praca moÅ¼liwa jedynie z klientem.
ID: 1048700617",warszawa
https://adresowo.pl/o/mieszkanie-warszawa-wlochy-ul-trzcinowa-2-pokojowe-x8f6s8,,,11,"ul. Trzcinowa, Warszawa WÅ‚ochy, mazowieckie",,warszawa
https://adresowo.pl/o/mieszkanie-warszawa-wola-ul-panska-4-pokojowe-z9s1z4,,,20,"ul. PaÅ„ska, Warszawa Wola, mazowieckie","DzieÅ„ dobry!

Mam przyjemnoÅ›Ä‡ zaprezentowaÄ‡ apartament zlokalizowany blisko centrum przy ul. PaÅ„ska 96. Mieszkanie wykoÅ„czone w stylu klasycznym z elementami nowoczesnoÅ›ci przy uÅ¼yciu wysokiej jakoÅ›ci materiaÅ‚Ã³w. Lokal nadaje siÄ™ do bezpoÅ›redniego zamieszkania, byÅ‚ odÅ›wieÅ¼any i jest w peÅ‚ni wyposaÅ¼ony. Mieszkanie z trzystronnÄ… ekspozycjÄ…, jest bardzo ciche i jasne. Lokalizacji nie trzeba przedstawiaÄ‡, w okolicy mamy absolutnie wszystko co niezbÄ™dne do codziennego Å¼ycia. Ekspozycja pÃ³Å‚noc-poÅ‚udnie-zachÃ³d. 

W skÅ‚ad mieszkania wchodzi:
- salon 29,66mkw
- pokÃ³j 13,11mkw
- pokÃ³j 12,90mkw
- sypialnia 16,55mkw
- kuchnia 8,09mkw
- Å‚azienka 6,40mkw
- Å‚azienka 4,44mkw
- garderoba 3,53mkw
- hall 17,10mkw
- duÅ¼a loggia 18,37mkw
- piwnica (dodatkowo pÅ‚atna 20tyÅ›)
- 2 miejsca postojowe (dodatkowo pÅ‚atne 80tyÅ› za sztukÄ™)

PeÅ‚na wÅ‚asnoÅ›Ä‡. Brak problemÃ³w prawnych.

MoÅ¼na posiÅ‚kowaÄ‡ siÄ™ kredytem. PomogÄ™ ze wszelkimi formalnoÅ›ciami.

Cena do negocjacji.

GorÄ…co zachÄ™cam do kontaktu i oglÄ™dzin mieszkania. Warto!

Niniejsze ogÅ‚oszenie jest wyÅ‚Ä…cznie informacjÄ… i nie stanowi oferty w rozumieniu art. 66 Â§ 1 Kodeksu Cywilnego. DokÅ‚adamy wszelkich staraÅ„, aby informacje przedstawione w naszych ofertach byÅ‚y aktualne i rzetelne. Informacje zawarte w ofercie uzyskano na podstawie oÅ›wiadczeÅ„ sprzedajÄ…cych.",warszawa
https://adresowo.pl/o/mieszkanie-warszawa-ursus-ul-tomcia-palucha-2-pokojowe-x2q1h7,,,3,"ul. Tomcia Palucha, Warszawa Ursus, mazowieckie","Mieszkanie 2-pokojowe usytuowane na parterze  w 4-piÄ™trowym bloku bez windy z 2000 roku -Warszawa, Ursus, ul. Tomcia Palucha.

Mieszkanie skÅ‚ada siÄ™ z salonu, kuchni, sypialni, Å‚azienki, przedpokoju, balkonu, a takÅ¼e komÃ³rki lokatorskiej - dodatkowo pÅ‚atna 30 tys.

Osiedle bardzo zadbane, zielone, z placem zabaw dla dzieci.

Blisko znajdujÄ… siÄ™ sklepy, Galeria Skorosze, przystanki autobusowe, szkoÅ‚y, przedszkola oraz Å¼Å‚obki.

Czynsz miesiÄ™czny okoÅ‚o 550 zÅ‚.

MoÅ¼liwoÅ›Ä‡ wykorzystania mieszkania jako lokal usÅ‚ugowy ze wzglÄ™du na 2 wejÅ›cia. Jedno od strony patio.

Sobota i niedziela dyÅ¼ur w biurze w godzinach 8:30 - 21:00. W razie jakichkolwiek pytaÅ„ proszÄ™ dzwoniÄ‡, wysÅ‚aÄ‡ SMS lub wysÅ‚aÄ‡ zapytanie na adres e-mail: , oddzwonimy. 
TreÅ›Ä‡ ogÅ‚oszenia nie stanowi oferty w rozumieniu Kodeksu Cywilnego",warszawa
https://adresowo.pl/o/mieszkanie-warszawa-ochota-ul-wladyslawa-korotynskiego-2-pokojowe-d9n1g1,,,14,"ul. WÅ‚adysÅ‚awa KorotyÅ„skiego, Warszawa Ochota, mazowieckie","Sprzedam dwupokojowe mieszkanie znajdujÄ…ce siÄ™ przy ulicy KorotyÅ„skiego na Warszawskiej Ochocie.
Drugie piÄ™tro 36 metrÃ³w z balkonem i piwnicÄ… ( 4 m).
Mieszkanie po remoncie, na podÅ‚odze klepki, okna drewniane.
Cicha, spokojna okolica. 
Nie odpowiadam na SMS, kontakt wyÅ‚Ä…cznie telefoniczny.
PoÅ›rednikom dziÄ™kujÄ™ 
Tel: 79*******33",warszawa
https://adresowo.pl/o/mieszkanie-warszawa-mokotow-ul-jana-pawla-woronicza-2-pokojowe-e9i6o6,,,13,"ul. Jana PawÅ‚a Woronicza, Warszawa MokotÃ³w, mazowieckie","DzieÅ„ dobry,
Mam przyjemnoÅ›Ä‡ zaprezentowaÄ‡ mieszkanie na sprzedaÅ¼, poÅ‚oÅ¼one w jednej z najbardziej poÅ¼Ä…danych lokalizacji Warszawy â€“ na Mokotowie, przy ul. Woronicza 40. To idealna propozycja zarÃ³wno dla rodziny, jak i pod inwestycjÄ™.
Åšwietna komunikacja z centrum miasta oraz peÅ‚na infrastruktura miejska w zasiÄ™gu spaceru.

Podstawowe informacje:
Liczba pokoi: 2
PiÄ™tro: 3/3
Do mieszkania przynaleÅ¼y piwnica
KupujÄ…cy zwolniony z podatku PCC.

Stan budynku:
Budynek z lat 60., po przeprowadzonych remontach instalacji
Ocieplony blok z zadbanymi klatkami schodowymi
Spokojne, zielone otoczenie, mimo centralnej lokalizacji
Miejsca parkingowe w okolicy.

RozkÅ‚ad mieszkania:
Salon z aneksem kuchennym â€“ przestronna czÄ™Å›Ä‡ dzienna z miejscem na stÃ³Å‚ jadalniany i strefÄ™ wypoczynku
Kuchnia w zabudowie, wyposaÅ¼ona w nowe AGD:
zmywarka 60 cm
piekarnik
lodÃ³wka
pÅ‚yta indukcyjna
okap
Sypialnia â€“ miejsce na Å‚Ã³Å¼ko dwuosobowe oraz szafkÄ™ nocnÄ…
Åazienka z WC â€“ nowoczesna, komfortowa, z prysznicem, umywalkÄ… i zabudowÄ… stolarskÄ…
PrzedpokÃ³j / korytarz â€“ 2 duÅ¼e, zabudowane szafy wnÄ™kowe, z miejscem na pralkÄ™ i suszarkÄ™
Wszystkie okna mieszkania sÄ… usytuÅ‚owane od strony pÃ³Å‚nocnej - mieszkanie jest widne i dobrze doÅ›wietlone Å›wiatÅ‚em dziennym.

Zakres remontu:
Mieszkanie jest po generalnym remoncie, w ktÃ³rego skÅ‚ad wchodziÅ‚y:
Wymiana instalacji elektrycznej, hydraulicznej i kanalizacyjnej
GÅ‚adzie, malowanie Å›cian
Nowe podÅ‚ogi i listwy przypodÅ‚ogowe
Nowe grzejniki i parapety
Kompletnie wykoÅ„czona Å‚azienka i WC
Nowe drzwi wewnÄ™trzne i zewnÄ™trzne
Kuchnia w zabudowie ze sprzÄ™tem AGD
Nowoczesne oÅ›wietlenie i elementy dekoracyjne
MateriaÅ‚y uÅ¼yte do wykoÅ„czeniowe sÄ… wysokiej jakoÅ›ci.

Media i opÅ‚aty:
Czynsz: ok. 400 zÅ‚ (zawiera ogrzewanie, fundusz remontowy, eksploatacjÄ™, zaliczkÄ™ na wodÄ™ i Å›mieci)
Ogrzewanie miejskie, ciepÅ‚a/zimna woda z sieci â€“ mieszkanie w peÅ‚ni bezobsÅ‚ugowe
Dodatkowe opÅ‚aty: woda i Å›mieci â€“ wg zuÅ¼ycia.

Lokalizacja â€“ MokotÃ³w, ul. Woronicza 40:
METRO â€“ Wierzbno / RacÅ‚awicka 500 m
AUTOBUSY i TRAMWAJE â€“ 200 m
BIZNES â€“ blisko Mordor, biurowce i centra biznesowe
ZIELEÅƒ â€“ Park Arkadia oraz Pole Mokotowskie, tereny spacerowe
SKLEPY I USÅUGI â€“ Galeria MokotÃ³w, Lidl, Å»abka, restauracje, kawiarnie
EDUKACJA â€“ szkoÅ‚y i przedszkola w okolicy.

Stan prawny:
PeÅ‚na wÅ‚asnoÅ›Ä‡
KsiÄ™ga wieczysta
Grunty uregulowane
MoÅ¼liwoÅ›Ä‡ zakupu na kredyt.

Bardzo dziÄ™kujÄ™ PoÅ›rednikom.",warszawa
https://adresowo.pl/o/mieszkanie-warszawa-bemowo-ul-podgrodzie-2-pokojowe-t2i4v5,,,7,"ul. Podgrodzie, Warszawa Bemowo, mazowieckie",,warszawa
https://adresowo.pl/o/mieszkanie-warszawa-targowek-ul-piotra-wysockiego-2-pokojowe-e5i8u4,,,8,"ul. Piotra Wysockiego, Warszawa TargÃ³wek, mazowieckie","2-pokojowe mieszkanie na BrÃ³dnie przy ul. Piotra Wysockiego w inwestycji o wysokim standardzie ""Rezydencja Liwska II""

BUDYNEK 
Mieszkanie znajduje siÄ™ na 4 piÄ™trze w 6 piÄ™trowym budynku 

NIERUCHOMOÅšÄ†
Mieszkanie o powierzchni 37m2 skÅ‚ada siÄ™ z:

- salonu z aneksem kuchennym, 
- sypialni, 
- Å‚azienki. 

Powierzchnia dodatkowa:
- balkon

Czynsz wynosi 570zÅ‚.

Ekspozycja okien: wschÃ³d

*Jest moÅ¼liwoÅ›Ä‡ dokupienia miejsca postojowego w garaÅ¼u podziemnym od dewelopera.

Dach budynku stanowi miejsce rekreacji, dostÄ™pne dla wszystkich mieszkaÅ„cÃ³w. Miejsca do grillowania, siÅ‚ownia i miejsca do odpoczynku stanowiÄ… o wyjÄ…tkowoÅ›ci tej inwestycji.

OKOLICA
NieruchomoÅ›Ä‡ znajduje siÄ™ na BrÃ³dnie, przy ul. Piotra Wysockiego, w bardzo wygodnym i dobrze skomunikowanym punkcie. W najbliÅ¼szej okolicy dostÄ™pne sÄ… sklepy oraz przystanki komunikacji miejskiej, co zapewnia Å‚atwy dojazd w rÃ³Å¼ne czÄ™Å›ci miasta. Do stacji metra BrÃ³dno jest zaledwie 800 m, co znaczÄ…co podnosi komfort codziennego przemieszczania siÄ™.

Zapraszam na prezentacjÄ™ nieruchomoÅ›ci.

W razie zainteresowania prosimy o kontakt: 
,

PowyÅ¼sza oferta ma charakter informacyjny i nie stanowi oferty handlowej w rozumieniu art. 66 Â§1 Kodeksu Cywilnego.

BezpÅ‚atnie pomagamy znaleÅºÄ‡ najkorzystniejszÄ… na rynku ofertÄ™ kredytowÄ….

Na Å¼yczenie w ramach prezentacji nieruchomoÅ›ci moÅ¼liwoÅ›Ä‡  przeprowadzenia przez firmÄ™ budowlanÄ… oceny stanu mieszkania i wycenÄ™ remontu.",warszawa
https://adresowo.pl/o/mieszkanie-warszawa-bemowo-ul-narwik-4-pokojowe-g8p3s1,,,14,"ul. Narwik, Warszawa Bemowo, mazowieckie","Mam przyjemnoÅ›Ä‡ zaprezentowaÄ‡ ofertÄ™ na wyÅ‚Ä…cznoÅ›Ä‡.
Unikalne, dwupoziomowe mieszkanie z imponujÄ…cymi tarasami na Warszawskim Bemowie. NieruchomoÅ›Ä‡ jest poÅ‚oÅ¼ona na 3. i 4. piÄ™trze nowoczesnego budynku z windÄ….
To propozycja dla osÃ³b, ktÃ³re szukajÄ… przestrzeni oraz moÅ¼liwoÅ›ci stworzenia wnÄ™trza w peÅ‚ni dopasowanego do wÅ‚asnego stylu Å¼ycia.
Prezentowane mieszkanie jest w stanie deweloperskim, co daje rzadkÄ… dziÅ› moÅ¼liwoÅ›Ä‡ zaprojektowania wszystkiego od podstaw - bez kompromisÃ³w i kosztÃ³w adaptacji cudzych rozwiÄ…zaÅ„. NieruchomoÅ›Ä‡ wyrÃ³Å¼niajÄ… dwa duÅ¼e tarasy, w tym jeden o powierzchni niemal 40 mÂ² - prawdziwa pereÅ‚ka w tej czÄ™Å›ci miasta.

POZIOM I - 3 PIÄ˜TRO | STREFA DZIENNA
â€¢ Przestronny przedpokÃ³j - 8,30 mÂ²
â€¢ Salon - 22,95 mÂ²
â€¢ Sypialnia/gabinet - 11,51 mÂ²
â€¢ Åazienka - 3,21 mÂ²
â€¢ Taras - 21,86 mÂ²
POZIOM II - 4 PIÄ˜TRO | STREFA PRYWATNA
â€¢ Korytarz - 9,77 mÂ²
â€¢ Sypialnia - 9,34 mÂ²
â€¢ Kuchnia - 8,53 mÂ²
â€¢ Åazienka - 6,38 mÂ²
â€¢ Taras - 38,41 mÂ²
Absolutny atut nieruchomoÅ›ci - przestronny taras na najwyÅ¼szym poziomie, ktÃ³ry moÅ¼e staÄ‡ siÄ™ prywatnym ogrodem i miejscem spotkaÅ„ z widokiem ponad okolicznÄ… zabudowÄ™.

ATUTY NIERUCHOMOÅšCI
â€¢ dwupoziomowy ukÅ‚ad - wyraÅºny podziaÅ‚ na strefÄ™ dziennÄ… i prywatnÄ…
â€¢ dwa tarasy o Å‚Ä…cznej powierzchni ponad 60 mÂ²
â€¢ stan deweloperski - peÅ‚na swoboda aranÅ¼acji
â€¢ budynek z windÄ…
â€¢ miejsce postojowe w garaÅ¼u podziemnym
â€¢ prestiÅ¼owa i dobrze skomunikowana czÄ™Å›Ä‡ Bemowa
â€¢ idealne zarÃ³wno do zamieszkania, jak i jako inwestycja

DODATKOWE INFORMACJE
â€¢ bliskoÅ›Ä‡ stacji metra, przystankÃ³w autobusowych oraz tramwajowych
â€¢ niska nowoczesna zabudowa
â€¢ wszelkie niezbÄ™dne w Å¼yciu codziennym punkty usÅ‚ugowo-handlowe w najbliÅ¼szej okolicy
â€¢ szybki dojazd do trasy S8

Åšwietna lokalizacja na Bemowie - dobra komunikacja, infrastruktura miejska, tereny zielone.
Grunt pod budynkiem uregulowany, lokal z zaÅ‚oÅ¼onÄ… ksiÄ™gÄ… wieczystÄ… - posiÅ‚kowanie siÄ™ kredytem jak najbardziej moÅ¼liwe.
Jestem dyspozycyjny 7 dni w tygodniu w godzinach 08:00-22:00.
Polecam szczegÃ³lnie i zapraszam do kontaktu.
JeÅ¼eli TwÃ³j zakup wiÄ…Å¼e siÄ™ ze sprzedaÅ¼Ä… innej nieruchomoÅ›ci - daj znaÄ‡, chÄ™tnie przeprowadzÄ™ CiÄ™ przez ten proces!
Patryk Konkol
Doradca ds. nieruchomoÅ›ci Propertica
[numer]",warszawa
https://adresowo.pl/o/mieszkanie-warszawa-srodmiescie-ul-stanislawa-dubois-3-pokojowe-k0t7i6,,,15,"ul. StanisÅ‚awa Dubois, Warszawa ÅšrÃ³dmieÅ›cie, mazowieckie","ÅšrÃ³dmieÅ›cie â€“ jedna z najbardziej prestiÅ¼owych i atrakcyjnych dzielnic Warszawy. 
Na sprzedaÅ¼ przestronneÂ 3-pokojoweÂ mieszkanie o powierzchni 61 m2 z, niespotykanie w tej okolicy, loggiÄ… od strony wschodniej  oraz balkonem od strony zachodniej. Kamienica z 1958 roku z cegÅ‚y, przeszÅ‚a gruntownÄ… rewitalizacjÄ™ - odnowiono elewacjÄ™, wymieniono dach,  unowoczeÅ›nione czÄ™Å›ci wspÃ³lne oraz wymieniono piony wodne i Å›ciekowe, grzejniki, atrakcyjnie wykoÅ„czeno klatki schodowe. Budynek w administrowaniu prÄ™Å¼nie dziaÅ‚ajÄ…cej wspÃ³lnoty, wzorowo dbajÄ…cej o jego stan. NaleÅ¼y zaznaczyÄ‡, Å¼e finanse nieruchomoÅ›ci sÄ… w dobrym stanie, tj. bez dÅ‚ugÃ³w. W nieruchomoÅ›ci jest tylko 45 lokali mieszkalnych. 

SZCZEGÃ“ÅY:
Mieszkanie dwustronne - z ekspozycjÄ… okien na wschÃ³d i zachÃ³d, co zapewnia doskonaÅ‚e doÅ›wietlenie jak i przewietrzenie pomieszczeÅ„. Lokal ustawny i funkcjonalny, z plastikowym oknami. Drzwi wejÅ›ciowe Gerda. W jego skÅ‚ad wchodzÄ…:

- przestronny pokÃ³j (od zachodu, z balkonem) - ok 21 mkw,
- sypialnia z loggiÄ…- ok 10 mkw oraz pokÃ³j recepcyjny ok 12 mkw (od wschodu),
- Å‚azienka - ok 5 mkw,
- oddzielne wc â€“ ok. 1,5 mkw,
- kuchnia oddzielna, widna â€“ ok. 6 mkw,
- przedpokÃ³j - ok 5 mkw.

Na podÅ‚odze parkiet dÄ™bowy, przedpokÃ³j i kuchnia wykoÅ„czone wykÅ‚adzinÄ… pcw.  

- W Å‚azience wanna, umywalka, glazura i terakota.
- Wc â€“ glazura  i terakota z szafkÄ… na Å›rodki czystoÅ›ci.

MIESZKANIE znajduje siÄ™ na III -piÄ™trze w IV-piÄ™trowym budynku. Na piÄ™trze znajdujÄ… siÄ™ jedynie 3 mieszkania. 

Mieszkanie jest ciepÅ‚e dziÄ™ki Å›rodkowemu poÅ‚oÅ¼eniu i wykonanej termomodernizacji budynku.
Domofony w lokalach.

Z prawem wÅ‚asnoÅ›ci zwiÄ…zane jest prawo do duÅ¼ej piwnicy.

STATUS PRAWNY: PeÅ‚na wÅ‚asnoÅ›Ä‡ z ksiÄ™gÄ… wieczystÄ…, grunt uregulowany.

ODLEGÅOÅšCI:
Lokalizacja zapewnia bardzo dobre poÅ‚Ä…czenia komunikacyjne ze Å›cisÅ‚ym centrum jak i innymi dzielnicami, poprzez komunikacjÄ™ autobusowÄ…, tramwajowÄ…  oraz dojÅ›cie lub dojazd do stacji metra w ciÄ…gu zaledwie kilku minut.
W zasiÄ™gu krÃ³tkiego spaceru dostÄ™pne sÄ… Stare Miasto, OgrÃ³d KrasiÅ„skich,  sklepy, restauracje, szkoÅ‚y, przedszkola i tereny rekreacyjne oraz spacerowe. Blisko stÄ…d rÃ³wnieÅ¼ do centrÃ³w handlowych Westfield Arkadia i Klif.
To miejsce jest idealne dla osÃ³b ceniÄ…cych miejski styl Å¼ycia, wygodÄ™ i dostÄ™p do bogatej infrastruktury, a jednoczeÅ›nie potrzebujÄ…cych spokoju i zieleni.",warszawa
https://adresowo.pl/o/mieszkanie-warszawa-srodmiescie-al-armii-ludowej-2-pokojowe-y8r7k4,,,8,"al. Armii Ludowej, Warszawa ÅšrÃ³dmieÅ›cie, mazowieckie","Na sprzedaÅ¼ mieszkanie 2 pokojowe, pow. 52m2, poÅ‚oÅ¼one przy Al. Armii Ludowej 6, pomiÄ™dzy Pl. Zbawiciela a Pl. Na RozdroÅ¼u.

Dwa oddzielne pokoje, oddzielna kuchnia, garderoba. Mieszkanie przez ostatnie 4 lata byÅ‚o wynajmowane bez dnia przerwy.

Doskonale skomunikowane, Å›cisÅ‚e centrum Warszawy. Metro, tramwaj, autobus. W okolicy Åazienki, Park Ujazdowski.",warszawa
https://adresowo.pl/o/mieszkanie-warszawa-chrzanow-ul-szeligowska-2-pokojowe-v1p3g9,,,7,"ul. Szeligowska, Warszawa ChrzanÃ³w, mazowieckie",,warszawa
https://adresowo.pl/o/mieszkanie-warszawa-wilanow-ul-jerzego-holzera-2-pokojowe-d5v9q0,,,5,"ul. Jerzego Holzera, Warszawa WilanÃ³w, mazowieckie","We speak ENG, POL, UA, RUS | Bez podatku PCC
JeÅ›li szukasz komfortowego mieszkania w prestiÅ¼owej inwestycji - ta oferta jest dla Ciebie. 2-pokojowe mieszkanie w Royal Residence od Robyg to idealna przestrzeÅ„ dla rodziny, pary lub inwestora.
Lokalizacja: ul. Holzera | WilanÃ³w | Royal Residence
Royal Residence to kameralna, elegancka inwestycja w zielonej czÄ™Å›ci Wilanowa - blisko PaÅ‚acu Wilanowskiego, terenÃ³w spacerowych i rekreacyjnych. DookoÅ‚a nowoczesna infrastruktura i Å›wietna komunikacja.
â˜€ï¸ Atuty mieszkania:
DuÅ¼e okna, Å›wietne doÅ›wietlenie
WysokoÅ›Ä‡ pomieszczeÅ„: 2,8 m
Rolety przeciwsÅ‚oneczne w standardzie
Smart Home w cenie (ROBYG Smart House by Keemple)
Wysoki standard czÄ™Å›ci wspÃ³lnych

Atuty inwestycji:
Reprezentacyjne lobby
CichobieÅ¼ne windy, podziemny garaÅ¼
Monitoring, kontrola dostÄ™pu
Elegancka architektura i kameralna zabudowa
Zakup bez PCC (oszczÄ™dnoÅ›Ä‡ 2%)
DostÄ™pne miejsca postojowe i komÃ³rki lokatorskie - dodatkowo pÅ‚atne.
MisjÄ… ienko group jest byÄ‡ zaufanym partnerem, ktÃ³ry zapewnia rozwiÄ…zania win-win dla klientÃ³w. Klienci nas polecajÄ…, poniewaÅ¼ wspieramy obie strony transakcji od pierwszego kontaktu do wydania kluczy, pomagajÄ…c rÃ³wnieÅ¼ w kwestiach prawnych i finansowych. DziaÅ‚amy na rynku pierwotnym i wtÃ³rnym, jesteÅ›my dostÄ™pni 24/7 i oferujemy kompleksowe rozwiÄ…zania â€” od kredytu, przez architekta i wykoÅ„czenie pod klucz, po zarzÄ…dzanie najmem. Stawiamy na win-win i swobodnÄ… atmosferÄ™. Od ponad 9 lat pomagamy setkom osÃ³b znaleÅºÄ‡ idealne mieszkanie.

Masz pytania? Zapraszam do kontaktu 24/7
Roman Saienko (licencja poÅ›rednika nr 31150)",warszawa
https://adresowo.pl/o/mieszkanie-warszawa-wilanow-ul-jerzego-holzera-3-pokojowe-i7v8s9,,,5,"ul. Jerzego Holzera, Warszawa WilanÃ³w, mazowieckie","We speak ENG, POL, UA, RUS | Bez podatku PCC
JeÅ›li szukasz komfortowego mieszkania w prestiÅ¼owej inwestycji - ta oferta jest dla Ciebie. 3-pokojowe mieszkanie w Royal Residence od Robyg to idealna przestrzeÅ„ dla rodziny, pary lub inwestora.
Lokalizacja: ul. Holzera | WilanÃ³w | Royal Residence
Royal Residence to kameralna, elegancka inwestycja w zielonej czÄ™Å›ci Wilanowa - blisko PaÅ‚acu Wilanowskiego, terenÃ³w spacerowych i rekreacyjnych. DookoÅ‚a nowoczesna infrastruktura i Å›wietna komunikacja.
â˜€ï¸ Atuty mieszkania:
DuÅ¼e okna, Å›wietne doÅ›wietlenie
WysokoÅ›Ä‡ pomieszczeÅ„: 2,8 m
Rolety przeciwsÅ‚oneczne w standardzie
Smart Home w cenie (ROBYG Smart House by Keemple)
Wysoki standard czÄ™Å›ci wspÃ³lnych

Atuty inwestycji:
Reprezentacyjne lobby
CichobieÅ¼ne windy, podziemny garaÅ¼
Monitoring, kontrola dostÄ™pu
Elegancka architektura i kameralna zabudowa
Zakup bez PCC (oszczÄ™dnoÅ›Ä‡ 2%)
DostÄ™pne miejsca postojowe i komÃ³rki lokatorskie - dodatkowo pÅ‚atne.
MisjÄ… ienko group jest byÄ‡ zaufanym partnerem, ktÃ³ry zapewnia rozwiÄ…zania win-win dla klientÃ³w. Klienci nas polecajÄ…, poniewaÅ¼ wspieramy obie strony transakcji od pierwszego kontaktu do wydania kluczy, pomagajÄ…c rÃ³wnieÅ¼ w kwestiach prawnych i finansowych. DziaÅ‚amy na rynku pierwotnym i wtÃ³rnym, jesteÅ›my dostÄ™pni 24/7 i oferujemy kompleksowe rozwiÄ…zania â€” od kredytu, przez architekta i wykoÅ„czenie pod klucz, po zarzÄ…dzanie najmem. Stawiamy na win-win i swobodnÄ… atmosferÄ™. Od ponad 9 lat pomagamy setkom osÃ³b znaleÅºÄ‡ idealne mieszkanie.
Masz pytania? Zapraszam do kontaktu 24/7
Roman Saienko (licencja poÅ›rednika nr 31150)",warszawa
https://adresowo.pl/o/mieszkanie-warszawa-ochota-ul-moldawska-2-pokojowe-a2l2f3,,,6,"ul. MoÅ‚dawska, Warszawa Ochota, mazowieckie","OgÅ‚oszenie nie jest skierowane do poÅ›rednikÃ³w nieruchomoÅ›ci.

Witam.

Na sprzedaÅ¼ mieszkanie w zielonej okolicy. Pod blokiem park, a 5 minut pieszo Pole Mokotowskie.

Okolica cicha, Å›wietnie skomunikowana z caÅ‚Ä… czÄ™Å›ciÄ… Warszawy.

Mieszkanie na 4. piÄ™trze (winda).

2 pokoje, oddzielna kuchnia i Å‚azienka z WC + piwnica.

Mieszkanie bardzo jasne. Okna skierowane na zachÃ³d.

Blok przechodzi wÅ‚aÅ›nie caÅ‚kowity remont klatek schodowych.

MoÅ¼liwoÅ›Ä‡ zakupu na kredyt i oczywiÅ›cie za gotÃ³wkÄ™.",warszawa
https://adresowo.pl/o/mieszkanie-warszawa-praga-poludnie-ul-zupnicza-3-pokojowe-p7o7x6,,,20,"ul. Å»upnicza, Warszawa Praga-PoÅ‚udnie, mazowieckie","Oferta prywatna

Informacja dla poÅ›rednikÃ³w: kontakt wyÅ‚Ä…cznie w celu umÃ³wienia prezentacji z konkretnym klientem. Nie podpisujÄ™ umÃ³w poÅ›rednictwa.

Na sprzedaÅ¼ wyjÄ…tkowe, prywatne mieszkanie wykoÅ„czone na wÅ‚asne potrzeby, z duÅ¼Ä… dbaÅ‚oÅ›ciÄ… o detale, funkcjÄ™ i ponadczasowÄ… estetykÄ™.
NieruchomoÅ›Ä‡ poÅ‚oÅ¼ona jest w jednej z najdynamiczniej rozwijajÄ…cych siÄ™ czÄ™Å›ci warszawskiego Kamionka na ulicy Å»upniczej.

Podstawowe informacje:
- powierzchnia: 59,60 mÂ²
- peÅ‚na wÅ‚asnoÅ›Ä‡, bez obciÄ…Å¼eÅ„
- niezaleÅ¼ne miejsce postojowe w garaÅ¼u podziemnym - dodatkowo pÅ‚atne 45 000 zÅ‚

Atuty nieruchomoÅ›ci:
- mieszkanie naroÅ¼ne, doskonale doÅ›wietlone i naturalnie przewietrzane
- najlepszy ukÅ‚ad i poÅ‚oÅ¼enie w ramach inwestycji
- ekspozycja na sÅ‚oÅ„ce od wschodu do zachodu - Å›wiatÅ‚o obecne przez caÅ‚y dzieÅ„
- (balkon o charakterze loggii zapewnia komfort termiczny latem)
- 4. piÄ™tro z 6 - idealna wysokoÅ›Ä‡, gwarantujÄ…ca widok na panoramÄ™ centrum!

WnÄ™trze:
- projekt architektoniczny wykonany indywidualnie
- spÃ³jna, nowoczesna i minimalistyczna estetyka
- funkcjonalny ukÅ‚ad: salon z aneksem kuchennym, dwie sypialnie, wydzielona strefa do pracy przy sypialni, toaleta
- klimatyzacja
- mieszkanie sprzedawane z peÅ‚nym wyposaÅ¼eniem - zgodnie ze stanem widocznym na zdjÄ™ciach
- w zabudowie: pralka oraz osobna suszarka

Lokalizacja:
- szybki i wygodny dojazd do centrum - ok. 20 minut komunikacjÄ… miejskÄ…
- Dworzec Wschodni - 10 minut pieszo
- nowoczesna, starannie zaprojektowana infrastruktura powstaÅ‚a w ostatnich latach
- bliskoÅ›Ä‡ Parku Skaryszewskiego - jednego z najpiÄ™kniejszych parkÃ³w w Warszawie",warszawa
https://adresowo.pl/o/mieszkanie-warszawa-bialoleka-ul-ruskowy-brod-2-pokojowe-s4r1k3,,,4,"ul. Ruskowy BrÃ³d, Warszawa BiaÅ‚oÅ‚Ä™ka, mazowieckie",,warszawa
https://adresowo.pl/o/mieszkanie-warszawa-ursus-ul-bernarda-wapowskiego-1-pokoj-o4l1c1,,,8,"ul. Bernarda Wapowskiego, Warszawa Ursus, mazowieckie","Do kupienia studio 34,5 m2, piÄ™tro 1/3 bez windy, w budynku z 1965r. Ursus, Skorosze.
Idealne dla singla/singielki, pary, takÅ¼e inwestycyjnie pod wynajem.
Mieszkanie to:
* salon z wyjÅ›ciem na balkon: szafa w zabudowie;
* osobna kuchnia z oknem: lodÃ³wka, mikrofalÃ³wka, kuchenka gazowa, piekarnik, okap;
* Å‚azienka: umywalka, wanna, lustro, pralka, szafki, wc;
* hol: wieszaki na ubrania, lustro, szafa.
* balkon.
Dodatkowo piwnica 7m2 z oknem. Parkowanie na parkingu ogÃ³lnodostÄ™pnym.
Czynsz 600 zÅ‚.
Wygodna lokalizacja, w okolicy liczne sklepy i punkty usÅ‚ugowe, przedszkole, szkoÅ‚a podstawowa, jedynie 140m do przystankÃ³w autobusowych. Spokojna zielona okolica, 700m do Parku Czechowickiego.
Mieszkanie to lokal mieszkalny stanowiÄ…cy odrÄ™bnÄ… nieruchomoÅ›Ä‡, jest zaÅ‚oÅ¼ona ksiÄ™ga wieczysta, grunty uregulowane (wÅ‚asnoÅ›Ä‡). Brak jakichkolwiek obciÄ…Å¼eÅ„ w ksiÄ™dze wieczystej, wpisana piwnica, tylko jeden wÅ‚aÅ›ciciel, moÅ¼liwa szybka sprzedaÅ¼. Mieszkanie jest dostÄ™pne za gotÃ³wkÄ™ lub na kredyt, ktÃ³ry bezpÅ‚atnie moÅ¼emy uzyskaÄ‡.
Zapraszam do obejrzenia na miejscu, zadzwoÅ„ od razu i umÃ³w siÄ™ na spotkanie! Oferta biura nieruchomoÅ›ci, wiÄ™cej propozycji na naszej stronie topbrokers(kropka)pl",warszawa
https://adresowo.pl/o/mieszkanie-warszawa-mokotow-al-niepodleglosci-3-pokojowe-l6y9x2,,,18,"al. NiepodlegÅ‚oÅ›ci, Warszawa MokotÃ³w, mazowieckie","Zapraszam do zapoznania siÄ™ z ofertÄ… komfortowego, trzypokojowego mieszkania o powierzchni 58,50 mÂ², zlokalizowanego na zielonym osiedlu przy ul.Â  al. NiepodlegÅ‚oÅ›ci 9/11 na Warszawskiem Mokotowie, tuÅ¼ przy stacji metra Wilanowska. NieruchomoÅ›Ä‡ znajduje siÄ™ na trzecim piÄ™trze w 15 piÄ™trowym budynku z lat 80. Mieszkanie jasne, naroÅ¼ne. Ekspozycja okien wschÃ³d i pÃ³Å‚noc.Â 
NajwaÅ¼niejsze atuty:

Lokalizacja i wygoda:Â 2Â minuty piechotÄ… do stacji metra Wilanowska, wokÃ³Å‚ licznych przystankÃ³w autobusowych i tramwajowych. Mieszkanie usytuowane w centralnej czÄ™Å›ci miasta, w pobliÅ¼u licznych udogodnieÅ„ takich jak sklepy, markety spoÅ¼ywcze, apteki, restauracje, kawiarnie oraz liczne placÃ³wki edukacyjne. Pomimo swojego poÅ‚oÅ¼enia, mieszkanie oferuje spokÃ³j i przestrzeÅ„. BliskoÅ›Ä‡ terenÃ³w zielonych tworzy unikalnÄ… oazÄ™ w sercu Warszawy.
PotencjaÅ‚ aranÅ¼acyjny: Mieszkanie w stanie do odÅ›wieÅ¼enia lub remontu, dajÄ…ce peÅ‚nÄ… swobodÄ™ aranÅ¼acji wnÄ™trza zgodnie z wÅ‚asnymi potrzebami i wizjÄ…, dziÄ™ki moÅ¼liwoÅ›ci wyburzenia wszystkich Å›cian dziaÅ‚owych. Budynek o solidnej konstrukcji Å¼elbetowej zapewnia trwaÅ‚oÅ›Ä‡ i stabilnoÅ›Ä‡, jednoczeÅ›nie pozwalajÄ…c na caÅ‚kowitÄ… zmianÄ™ ukÅ‚adu pomieszczeÅ„, by stworzyÄ‡ przestrzeÅ„ idealnie dopasowanÄ… do indywidualnych oczekiwaÅ„.

Dodatkowe udogodnienia: Do mieszkania przynaleÅ¼y komÃ³rka lokatorska (ok.1,5m2) usytuowana na tym samym poziomie co mieszkanie oraz piwnica o powierzchni ok. 2m2. Cena za mieszkanie uwzglÄ™dnia rÃ³wnieÅ¼ umeblowanie widoczne na zdjÄ™ciach. Do dyspozycji mieszkaÅ„cÃ³w jest bezpÅ‚atny parking przy budynku wyÅ‚Ä…cznie dla mieszkaÅ„cÃ³w.
Stan prawny: Mieszkanie wÅ‚asnoÅ›ciowe z zaÅ‚oÅ¼onÄ… ksiÄ™gÄ… wieczystÄ…, moÅ¼liwy zakup na kredyt.Â 

Informacje o budynku:
Budynkiem zarzÄ…dza sprawnie dziaÅ‚ajÄ…ca SpÃ³Å‚dzielnia Mieszkaniowa ""SM MokotÃ³w"".Â  
Blok jest regularnie modernizowany, w ostatnich latach przeszedÅ‚ remont, obejmujÄ…cy:
- renowacja klatek schodowych i korytarzy,
- ocieplenie i wymianÄ™ elewacji,
- zagospodarowanie terenu wokÃ³Å‚ budynku,
- modernizacje pionÃ³w wodno-kanalizacyjnych, gazowych i CO,Â 
Jest wyposaÅ¼ony w dwie nowoczesneÂ  wind (w tym towarowÄ…).Â 
Mieszkanie skÅ‚ada siÄ™ z:
- salonu pow. 18 m2 (ekspozycjaÂ  wschodnia)Â 
- pokojuÂ pow. 10 m2 (ekspozycja wschodnia)Â 
- pokoju pow. 8,34 m2 (ekspozycja pÃ³Å‚nocna) 
- oddzielnej kuchni z oknemÂ (ekspozycja pÃ³Å‚nocna)
- Å‚azienki,
- WC,
- przedpokoju,
- loggiiÂ (ekspozycja wschodnia)Â 
OpÅ‚aty: Aktualny czynsz z zaliczkami na media i fundusz remontowy wynosi 980 zÅ‚otych
Zapraszam do kontaktu oraz na prezentacjÄ™ tego wyjÄ…tkowego mieszkania!
Kompleksowa obsÅ‚uga nieruchomoÅ›ci: sprzedaÅ¼, wynajem, kredyt i zarzÄ…dzanie - wszystko w jednym miejscu- zadzwoÅ„ i sprawdÅº naszÄ… ofertÄ™.Â ",warszawa
https://adresowo.pl/o/mieszkanie-warszawa-bielany-ul-marymoncka-1-pokoj-y1f5s6,,,6,"ul. Marymoncka, Warszawa Bielany, mazowieckie","Sprzedam bezpoÅ›rednio kawalerkÄ™ w stanie do generalnego remontu, zaraz przy UKSW i AWF. Lokalizacja idealna pod wynajem. Mieszkanie bardzo ustawne, z moÅ¼liwoÅ›ciÄ… zmiany ukÅ‚adu Å›cian i pomieszczeÅ„. Oferta bezpoÅ›rednia - agencjom oraz poÅ›rednikom serdecznie dziÄ™kujÄ™.",warszawa
https://adresowo.pl/o/mieszkanie-warszawa-praga-polnoc-ul-wilenska-2-pokojowe-j4g7s2,,,8,"ul. WileÅ„ska, Warszawa Praga-PÃ³Å‚noc, mazowieckie","Na sprzedaÅ¼ jasne i funkcjonalne mieszkanie o powierzchni 60 mÂ², poÅ‚oÅ¼one na 1. piÄ™trze w klimatycznej kamienicy na Pradze-PÃ³Å‚noc.
Mieszkanie przeszÅ‚o generalny remont w 2016 roku â€“ wymieniona instalacja elektryczna, nowa instalacja wodno-kanalizacyjna (miedÅº) oraz nowy piec gazowy. Lokal jest gotowy do zamieszkania, bez dodatkowych nakÅ‚adÃ³w.
ğŸ  UkÅ‚ad mieszkania:
Salon â€“ 24 mÂ²: przestronny, idealny do Å¼ycia i spotkaÅ„
Sypialnia â€“ 16 mÂ²: cicha, z duÅ¼Ä… szafÄ…
Oddzielna, nowoczesna kuchnia â€“ w peÅ‚ni wyposaÅ¼ona
Åazienka + osobne WC
MaÅ‚y balkon od strony ulicy â€“ jasny, z dobrym Å›wiatÅ‚em dziennym
Oryginalny drewniany parkiet zostaÅ‚ zabezpieczony â€“ obecnie przykryty panelami, co daje moÅ¼liwoÅ›Ä‡ Å‚atwego powrotu do naturalnego drewna.
ğŸ“ Lokalizacja â€“ Praga-PÃ³Å‚noc:
Jedna z dzielnic o najwiÄ™kszym potencjale rozwoju w Warszawie.
âœ” blisko metro
âœ” liczne sklepy i usÅ‚ugi (Lidl, fryzjer, lekarz, szkoÅ‚y)
âœ” kilka minut do Galerii WileÅ„skiej
âœ” ulica WileÅ„ska objÄ™ta planami rozwoju dzielnicy
Åšwietna propozycja zarÃ³wno do zamieszkania, jak i jako inwestycja.
â„¹ï¸ Informacje dodatkowe:
piÄ™tro (bez windy)
peÅ‚na wÅ‚asnoÅ›Ä‡
ogrzewanie gazowe (piec z 2016 r.)",warszawa
https://adresowo.pl/o/mieszkanie-warszawa-praga-poludnie-ul-podskarbinska-2-pokojowe-o4p8h9,,,11,"ul. PodskarbiÅ„ska, Warszawa Praga-PoÅ‚udnie, mazowieckie",,warszawa
https://adresowo.pl/o/mieszkanie-warszawa-mokotow-ul-luzycka-3-pokojowe-g5j5s5,,,11,"ul. ÅuÅ¼ycka, Warszawa MokotÃ³w, mazowieckie","Na sprzedaÅ¼ funkcjonalne, 3-pokojowe mieszkanie o powierzchni 57 mÂ², zlokalizowane na Mokotowie, przy ul. ÅuÅ¼yckiej.
Mieszkanie znajduje siÄ™ na 5. piÄ™trze w 8-piÄ™trowym budynku z 1967 roku. Budynek jest zadbany, z windÄ…, poÅ‚oÅ¼ony w dobrze zagospodarowanym otoczeniu.
Mieszkanie jest wÅ‚asnoÅ›ciowe z ksiÄ™gÄ… wieczystÄ… i skÅ‚ada siÄ™ z: â€¢ jasnej kuchni z jadalniÄ… (12 mÂ²), â€¢ pokoju dziennego (18 mÂ²) z wyjÅ›ciem na loggiÄ™, â€¢ sypialni (13 mÂ²) - wyposaÅ¼onej w regaÅ‚, komodÄ™ oraz szafÄ™, â€¢ gabinetu / pokoju dzieciÄ™cego (10 mÂ²), â€¢ Å‚azienki (5 mÂ²), â€¢ przedpokoju
Dodatkowo do mieszkania przynaleÅ¼Ä…: â€¢ loggia, â€¢ piwnica
Czynsz administracyjny wynosi 950 zÅ‚.
Dla mieszkaÅ„cÃ³w dostÄ™pny jest ogÃ³lnodostÄ™pny parking pod budynkiem.
Okna mieszkania wychodzÄ… na trzy strony Å›wiata, co zapewnia bardzo dobre doÅ›wietlenie wnÄ™trz. Widok z okien obejmuje strony ulic: Czerniakowskiej, Gagarina oraz Czerskiej.
W mieszkaniu panuje bardzo dobra energia, a ukÅ‚ad pomieszczeÅ„ daje duÅ¼e moÅ¼liwoÅ›ci aranÅ¼acyjne. Dodatkowo zaÅ‚Ä…czona zostaÅ‚a wizualizacja przedpokoju, pokazujÄ…ca, jak moÅ¼e wyglÄ…daÄ‡ po dokonaniu zmian oraz plan mieszkania, ktÃ³ry uÅ‚atwia wyobraÅ¼enie sobie przestrzeni.
Serdecznie zapraszam na prezentacjÄ™ nieruchomoÅ›ci.
Paulina Florys
[numer]",warszawa
https://adresowo.pl/o/mieszkanie-warszawa-praga-poludnie-ul-wzorcowa-2-pokojowe-x3p4e0,,,15,"ul. Wzorcowa, Warszawa Praga-PoÅ‚udnie, mazowieckie","Zapraszam na prezentacjÄ™ mieszkania na Pradze-PoÅ‚udnie
- Wysokie - 2,90 m wysokoÅ›ci
- Budynek z cegÅ‚y
- Ekspozycja poÅ‚udniowo-zachodnia
- Okna wychodzÄ…ce na ogÃ³lnodostÄ™pny ogrÃ³d
Oferta idealna na pierwsze mieszkanie dla pary lub pod dziaÅ‚alnoÅ›Ä‡ gospodarczÄ…. Ewentualnie dla osoby starszej - parter i tylko jeden schodek na wejÅ›ciu do budynku. Dobrze zlokalizowany budynek na rozwidleniu gÅ‚Ã³wnych arterii dojazdowych na PragÄ™-PoÅ‚udnie. ZachÄ™cam do obejrzenia na Å¼ywo.
Cechy mieszkania:
- Powierzchnia 49 m^2
- Salon z aneksem kuchennym + sypialnia + Å‚azienka + hol
- Funkcjonalny ukÅ‚ad - metraÅ¼ w peÅ‚ni wykorzystany
- Parter w czteropiÄ™trowym budynku z cegÅ‚y z 2000 roku
- Wysokie mieszkanie
- Gotowe do zamieszkania - mieszkanie zostaÅ‚o odmalowane i jest w bardzo dobrym stanie technicznym
- Jasna i spÃ³jna kolorystyka wykoÅ„czenia
- Stan prawny - peÅ‚na wÅ‚asnoÅ›Ä‡ - moÅ¼liwoÅ›Ä‡ kredytowania z czym rÃ³wnieÅ¼ pomagamy
Lokalizacja:
- Ul. Wzorcowa 27 - poczÄ…tek Grochowa, Praga-PoÅ‚udnie Warszawa
- Dobry dojazd do centrum - zarÃ³wno samochodem jak i buspasem - 2 min do przystanku i 10 min jazdy autobusem do metra Politechnika
- W okolicy sklepy spoÅ¼ywcze, restauracje i dwa przedszkola - dobra opcja dla pary z dzieckiem
- 1 km do parku Skaryszewskiego - jeden z najwiÄ™kszych i najÅ‚adniejszych parkÃ³w w Warszawie, idealny teren zielony pod kÄ…tem spacerÃ³w, jazdy na rowerze

Zapewniam bezpieczeÅ„stwo transakcji i opiekÄ™ eksperta finansowego. W przypadku gdy zakup wiÄ…Å¼e siÄ™ ze sprzedaÅ¼Ä… innej nieruchomoÅ›ci z chÄ™ciÄ… pomogÄ™ w caÅ‚ym procesie.
Mamy ponad 200 ofert w sprzedaÅ¼y - skontaktuj siÄ™, pomogÄ™ znaleÅºÄ‡ Twoje przyszÅ‚e mieszkanie
Zapraszam na prezentacjÄ™",warszawa
https://adresowo.pl/o/mieszkanie-warszawa-praga-poludnie-ul-brazylijska-2-pokojowe-d6d6t0,,,15,"ul. Brazylijska, Warszawa Praga-PoÅ‚udnie, mazowieckie","Komfortowe mieszkanie o powierzchni 42 mÂ² na Pradze-PoÅ‚udnie.
Gotowe do wprowadzenia (lub do odÅ›wieÅ¼enia), znajduje siÄ™ na parterze w czteropiÄ™trowym bloku.
WnÄ™trze jest nowoczesne i funkcjonalne, z biaÅ‚ymi Å›cianami i dobrej jakoÅ›ci wykoÅ„czeniem.
Znajdziesz tu dwie jasne i przestronne czÄ™Å›ci - pokÃ³j dzienny z aneksem, sypialniÄ™ i Å‚azienkÄ™ z prysznicem.
Kuchnia jest w peÅ‚ni wyposaÅ¼ona w sprzÄ™t AGD, a Å‚azienka posiada nowoczesne wykoÅ„czenie.
Lokalizacja gwarantuje dostÄ™p do licznych udogodnieÅ„:
- szkoÅ‚y, przedszkola i uczelnie w pobliÅ¼u
- liczne sklepy, supermarkety i centrum handlowe
- dobre poÅ‚Ä…czenia komunikacyjne, w tym metro i autobusy
- tereny zielone, place zabaw i parki.

ZachÄ™camy do obejrzenia tej nieruchomoÅ›ci - skontaktuj siÄ™ z nami, aby umÃ³wiÄ‡ siÄ™ na wizytÄ™.",warszawa
https://adresowo.pl/o/mieszkanie-warszawa-praga-poludnie-ul-grenadierow-2-pokojowe-a1p6s3,,,6,"ul. GrenadierÃ³w, Warszawa Praga-PoÅ‚udnie, mazowieckie","BezpoÅ›rednio!!!
ul. GrenadierÃ³w 25/27
Mieszkanie dwupokojowe, dwustronne, znajduje siÄ™ na wysokim parterze w czteropiÄ™trowym budynku z cegÅ‚y.
Jest po kapitalnym remoncie (Å‚Ä…cznie z elektrykÄ… i oknami), kompletnie umeblowane i wyposaÅ¼one w sprzÄ™t AGD. Gotowe do wprowadzenia.
Bardzo ciche, podwÃ³rko zamkniÄ™te tylko dla mieszkaÅ„cÃ³w.
150 metrÃ³w do Trasy Åazienkowskiej.
Agencjom dziÄ™kujÄ™.


",warszawa
https://adresowo.pl/o/mieszkanie-warszawa-wlochy-al-krakowska-2-pokojowe-z8h2j2,,,9,"al. Krakowska, Warszawa WÅ‚ochy, mazowieckie",,warszawa
https://adresowo.pl/o/mieszkanie-warszawa-wilanow-ul-wal-zawadowski-5-pokojowe-k8i2d2,,,15,"ul. WaÅ‚ Zawadowski, Warszawa WilanÃ³w, mazowieckie","We speak ENG, POL, UA, RUS | Oferta bez PCC
Inwestycja VISLA - domy/mieszkania przy Wale Zawadowskim
Kameralne osiedle domÃ³w jednorodzinnych dwulokalowych w zabudowie bliÅºniaczej, poÅ‚oÅ¼one w zielonej czÄ™Å›ci Warszawy, w bezpoÅ›rednim sÄ…siedztwie WisÅ‚y. CaÅ‚oÅ›Ä‡ obejmuje 22 budynki w standardzie premium, na terenie ogrodzonym i zamkniÄ™tym. KaÅ¼dy lokal posiada taras oraz prywatny ogrÃ³d.
Lokalizacja
Osiedle znajduje siÄ™ w rejonie WaÅ‚u Zawadowskiego. Cicha, zielona okolica z dostÄ™pem do terenÃ³w nadwiÅ›laÅ„skich. Wygodny dojazd do Wilanowa oraz centrum Warszawy samochodem lub komunikacjÄ… miejskÄ….
Atuty inwestycji
- kontakt z naturÄ… i tereny rekreacyjne nad WisÅ‚Ä… (spacery, rower, bieganie)
- nowoczesna architektura o minimalistycznej formie i eleganckiej elewacji
- osiedle ogrodzone, z poczuciem prywatnoÅ›ci i bezpieczeÅ„stwa
- moÅ¼liwoÅ›Ä‡ indywidualnej aranÅ¼acji wnÄ™trz
- peÅ‚na infrastruktura w zasiÄ™gu kilku minut jazdy (handel, usÅ‚ugi, szkoÅ‚y)
Standard wykoÅ„czenia
- funkcjonalny ukÅ‚ad pomieszczeÅ„ i duÅ¼e przeszklenia
- aluminiowa stolarka okienna i wysokie sufity (do 2,87 m)
- ogrzewanie podÅ‚ogowe na wszystkich kondygnacjach + grzejniki w Å‚azienkach
- garaÅ¼ z dodatkowym miejscem parkingowym
- instalacja do Å‚adowania samochodu elektrycznego w garaÅ¼u
- taras i prywatny ogrÃ³d w kaÅ¼dym lokalu
Dla kogo:
Idealne dla osÃ³b szukajÄ…cych spokojnej okolicy z jednoczesnym szybkim dostÄ™pem do miasta, ceniÄ…cych nowoczesne rozwiÄ…zania, prywatnoÅ›Ä‡ i otoczenie przyrody.
JeÅ›li poszukujesz innego metraÅ¼u w tej inwestycji - koniecznie daj znaÄ‡. Posiadam wiÄ™cej ofert niÅ¼ na portalach.
MisjÄ… ienko group jest byÄ‡ zaufanym partnerem, ktÃ³ry zapewnia rozwiÄ…zania win-win dla klientÃ³w.Â Klienci nas polecajÄ…, poniewaÅ¼ wspieramy obie strony transakcji od pierwszego kontaktu do wydania kluczy, pomagajÄ…c rÃ³wnieÅ¼ w kwestiach prawnych i finansowych. DziaÅ‚amy na rynku pierwotnym i wtÃ³rnym, jesteÅ›my dostÄ™pni 24/7 i oferujemy kompleksowe rozwiÄ…zania â€” od kredytu, przez architekta i wykoÅ„czenie pod klucz, po zarzÄ…dzanie najmem. Stawiamy na win-win i swobodnÄ… atmosferÄ™. Od ponad 9 lat pomagamy setkom osÃ³b znaleÅºÄ‡ idealne mieszkanie.
Masz pytania? Zapraszam do kontaktu 24/7
Roman Saienko (licencja poÅ›rednika nr 31150)",warszawa
https://adresowo.pl/o/mieszkanie-warszawa-ochota-ul-wlodarzewska-3-pokojowe-u5v6b4,,,10,"ul. WÅ‚odarzewska, Warszawa Ochota, mazowieckie","SZCZÄ˜ÅšLIWICE
Dwupoziomowe mieszkanie w budynku z 2001 r. Lokalizacja przy samym Parku SzczÄ™Å›liwickim, na strzeÅ¼onym osiedlu przy ul. WÅ‚odarzewskiej. PiÄ™tro 3 z 3 (bez windy). W odlegÅ‚oÅ›ci 900m ul. GrÃ³jecka

Powierzchnia przy podÅ‚odze- 112 m2 (w KW: 100,05 m2).
Dwa lata temu przeprowadzono remont dachu. Obecnie zakÅ‚adane sÄ… panele fotowoltaiczne.Â Czysta klatka schodowa po malowaniu.
Mieszkanie do wÅ‚asnej aranÅ¼acji.
I poziom:
Salon, Kuchnia, Åazienka z WC, PrzedpokÃ³j, Garderoba, Balkon.
II poziom:
PokÃ³j, Sypialnia, PrzedpokÃ³j, Garderoba, WC
Miejsce w garaÅ¼u podziemnym (zamykane) w cenie 70.000 zÅ‚ + miejsce postojowe na zewnÄ…trz 30.000 zÅ‚
StrzeÅ¼one osiedle z zadbanÄ… zieleniÄ…. Parking dla goÅ›ci.
W pobliÅ¼u:
Park SzczÄ™Å›liwicki, GÃ³rka SzczÄ™Å›liwicka z wyciÄ…giem narciarskim, jeziorko, pÄ™tla ZTM, przedszkola, korty tenisowe, CH Blue City, CH Reduta.
---------------------------
Opiekun oferty- 
tel. [numer]",warszawa
https://adresowo.pl/o/mieszkanie-warszawa-ursynow-1-pokoj-37-m2-z2r4z5,,,8,"Warszawa UrsynÃ³w, mazowieckie","Mieszkanie bez prowizji, bezpoÅ›rednio.

Cechy:
Przestronny, duÅ¼y salon, z wydzielonÄ… czÄ™Å›ciÄ… kuchennÄ….
PeÅ‚nowymiarowa, potrÃ³jna szafa na przedpokoju.
Obszerna Å‚azienka z wannÄ… i prysznicem.
W peÅ‚ni wyposaÅ¼one, gotowe do wprowadzenia siÄ™ mieszkanie.
MoÅ¼liwoÅ›Ä‡ wydzielenia 2 lub nawet 3 pokoi.

Lokalizacja:
Budynek zlokalizowany jest tuÅ¼ przy metrze Natolin (2 minuty od domu).
W okolicy znajdujÄ… siÄ™ rÃ³wnieÅ¼ liczne przystanki autobusowe.
Wszystkie okna mieszkania wychodzÄ… na wewnÄ™trzny dziedziniec, jest wiÄ™c bardzo cicho i kameralnie.
W pobliÅ¼u liczne tereny zielone, 4 parki oraz wejÅ›cie do lasu zaledwie 10 minut od domu (na piechotÄ™).
Centrum handlowe w tym samym budynku, restauracje i pasaÅ¼e i butiki na wyciÄ…gniÄ™cie rÄ™ki.

Udogodnienia:
Liczne sklepy, punkty usÅ‚ugowe i restauracje w bezpoÅ›redniej okolicy.
Miejsca postojowe w okolicy (strzeÅ¼one i niestrzeÅ¼one).
Ochrona caÅ‚odobowa i monitoring.
Liczne miejsca dla rowerÃ³w.",warszawa
https://adresowo.pl/o/mieszkanie-warszawa-mokotow-ul-barcelonska-1-pokoj-x0a3h2,,,7,"ul. BarceloÅ„ska, Warszawa MokotÃ³w, mazowieckie","Oferujemy na sprzedaÅ¼ kawalerkÄ™ o pow. 31,20â€¯mÂ², poÅ‚oÅ¼onÄ… na 9 piÄ™trze przy ul.â€¯BarceloÅ„skiej (MokotÃ³w / Stegny). Mieszkanie skÅ‚ada siÄ™ z jednego duÅ¼ego pokoju, oddzielnej, widnej kuchni, przedpokoju i Å‚azienki zâ€¯WC. Okna wychodzÄ… na wschÃ³d, a z mieszkania rozciÄ…ga siÄ™ przyjemny widok na tereny szkolne â€” co sprawia, Å¼e wnÄ™trze jest jasne i spokojne. Lokal jest gotowy do zamieszkania.

Cechy mieszkania / Informacje dodatkowe

1.Powierzchnia: 31,20â€¯mÂ²

2.UkÅ‚ad: pokÃ³j + oddzielna widna kuchnia + Å‚azienka zâ€¯WC + przedpokÃ³j

3.PiÄ™tro: 9

4.Ekspozycja okien: wschÃ³d

5.Stan techniczny: do zamieszkania

6. Do mieszkania przynaleÅ¼y piwnica ok 2.5m

7. Rok budowy 1976

Grunty pod budynkiem sÄ… uregulowane, moÅ¼na posiÅ‚kowaÄ‡ siÄ™ kredytem. Jest zaÅ‚oÅ¼ona ksiÄ™ga wieczysta.",warszawa
https://adresowo.pl/o/mieszkanie-warszawa-targowek-ul-oliwska-2-pokojowe-a9q5b7,,,16,"ul. Oliwska, Warszawa TargÃ³wek, mazowieckie",,warszawa
https://adresowo.pl/o/mieszkanie-warszawa-zoliborz-ul-krechowiecka-2-pokojowe-n6j2l1,,,14,"ul. Krechowiecka, Warszawa Å»oliborz, mazowieckie","WSPANIAÅE MIESZKANIEÂ PRZY PALCU LELEWELA NA STARYM Å»OLIBORZU
PROPOZYCJA DLA OSÃ“B DOCENIAJÄ„CYCH UROK KLIMATU Å»OLIBORZA 
Oferowane na sprzedaÅ¼ mieszkanie znajduje siÄ™ w kamienicy z lat 50-tych, usytuowanej w bliskiej odlegÅ‚oÅ›ci od Placu Wilsona a jednoczeÅ›nie w otoczeniu parku. Z okien roztacza siÄ™ widok na zielony skwer oraz sÄ…siadujÄ…cy z posesjÄ… Plac Lelewela. Jest to wspaniaÅ‚e miejsce do spacerÃ³w i wypoczynku na powietrzu.
Z uwagi na usytuowanie na IV piÄ™trze w bloku bez windy - ofertÄ™ dedykujÄ™ zwÅ‚aszcza osobom mÅ‚odym.Â  Stan lokalu dobry- pozwala zamieszkaÄ‡ od razu po zakupie, aczkolwiek byÄ‡ moÅ¼e zostanie teÅ¼ uznany za kwalifikujÄ…cy siÄ™ do remontu. Na podÅ‚ogach obecnie poÅ‚oÅ¼one sÄ… panele, ktÃ³re jednakÅ¼e skrywajÄ… pod spodem drewniany parkiet - zatem dla miÅ‚oÅ›nikÃ³w takiej drewnianej podÅ‚ogi bÄ™dzie to pretekst do prac remontowych.
Wszystkie 4 okna mieszkania wychodzÄ… na piÄ™kny peÅ‚en zieleni i alejek spacerowych z Å‚aweczkami skwer-park. Urokliwe miejsce do Å¼ycia na co dzieÅ„. JednoczeÅ›nie dokoÅ‚a mamy wszelkie udogodnienia, min sklepy, punkty usÅ‚ugowe, bank, urzÄ…d, apteka, poczta, kawiarnie.
Mieszkanie o powierzchni blisko 50 m2Â  z uwagi na ponadstandardowÄ… wysokoÅ›Ä‡ pomieszczeÅ„ ,Â  sprawia wraÅ¼enie wiÄ™kszego niÅ¼ to wynika z metraÅ¼u. SkÅ‚ada siÄ™ z salonu 18m2 z oknami na poÅ‚udniowy wschÃ³d i pÃ³Å‚nocny-wschÃ³d (dwa okna ) oraz drugiego pokoju 13 m2 , oddzielnej i widnej kuchni (ok 8m2) , holu z szafami na ubrania i Å‚azienki z wannÄ…. 
Budynek mieszkalny jest tuÅ¼ przed remontem elewacji, zaÅ› klatka schodowa juÅ¼ odnowiona i estetycznie zaaranÅ¼owana.
Lokalizacja naleÅ¼y do najbardziej atrakcyjnych w tej czÄ™Å›ci miasta - zarÃ³wno pod wzglÄ™dem dostÄ™pu do rÃ³Å¼norodnych placÃ³wek (kino, teatr, restauracje, kawiarnie, parki, sklepy, punkty usÅ‚ugowe i inne obiekty) jak rÃ³wnieÅ¼ z uwagi na Å‚atwoÅ›Ä‡ i szybkoÅ›Ä‡ skomunikowania siÄ™ z centrum miasta, gdzie dojazd zajmuje 10 minut!
Zapraszam i polecam !Â 
 Urszula KwiecieÅ„
tel. [numer]
[email]",warszawa
https://adresowo.pl/o/mieszkanie-warszawa-bialoleka-ul-dionizosa-3-pokojowe-o4h9a8,,,6,"ul. Dionizosa, Warszawa BiaÅ‚oÅ‚Ä™ka, mazowieckie","KUPUJÄ„CY NIE PÅACI PODATKU PCC 2% ANI PROWIZJI AGENCJI!

Na sprzedaÅ¼ 3 pokojowe mieszkanie o powierzchni 55,63m2 usytuowane na 1. piÄ™trze w nowym, 8-piÄ™trowym budynku z 2025r., poÅ‚oÅ¼onym przy ul. Dionizosa 4, w inwestycji ,,Szmaragd"". Mieszkanie sprzedawane w stanie deweloperskim, odebrane, moÅ¼na przystÄ™powaÄ‡ do jego wykoÅ„czenia.

MIESZKANIE:

Mieszkanie jasne, z ekspozycjÄ… poÅ‚udniowo-zachodniÄ… (wychodzÄ…cÄ… na cichÄ… stronÄ™ osiedla), z bardzo dobrym rozkÅ‚adem, potencjalnie z dwoma Å‚azienkami lub z Å‚azienkÄ… i garderobÄ…. 
PokÃ³j dzienny ma powierzchniÄ™ 25,17m2, wychodzi siÄ™ z niego na duÅ¼y (ponad 10m2), szeroki na caÅ‚y lokal, balkon. 
Sypialnie majÄ… 10,21m2 oraz 13,85m2, a wiÄ™ksza z nich jest poÅ‚Ä…czona z Å‚azienkÄ… lub garderobÄ… w zaleÅ¼noÅ›ci od koncepcji nabywcy. 
Druga Å‚azienka ma powierzchniÄ™ 3,72m2.

OKOLICA:

,,Szmaragd"" jest nowym budynkiem z piÄ™knym, zielonym patio z przestrzeniÄ… rekreacyjnÄ… i placem zabaw.  Mieszkanie znajduje siÄ™ w odlegÅ‚oÅ›ci 5 min spacerem od pÄ™tli tramwajowej z wygodnym dojazdem do Metra - MÅ‚ociny. Okolica jest cicha i spokojna, niedaleko jest do Å»abki, Biedronki, pizzerii, czy przedszkola, ale rÃ³wnieÅ¼ do parku leÅ›nego, Å›cieÅ¼ek rowerowych i spacerowych.

INFORMACJE DODATKOWE:

Do mieszkania przynaleÅ¼y podwÃ³jne, rodzinne miejsce postojowe na parkingu podziemnym pÅ‚atne dodatkowo 60.000zÅ‚.

Polecam i zapraszam na prezentacjÄ™!

ZainteresowaÅ‚a CiÄ™ ta oferta? ZadzwoÅ„!
Pomagamy w uzyskaniu najlepszego kredytu hipotecznego.",warszawa
https://adresowo.pl/o/mieszkanie-warszawa-mokotow-ul-pulawska-3-pokojowe-c6l4b6,,,20,"ul. PuÅ‚awska, Warszawa MokotÃ³w, mazowieckie","PL/ENG
Sprzedam przestronne, peÅ‚ne charakteru mieszkanie poÅ‚oÅ¼one w jednej z najbardziej poÅ¼Ä…danych lokalizacji Warszawy - na zielonym GÃ³rnym Mokotowie. To mieszkanie dla osÃ³b ceniÄ…cych przedwojennÄ… architekturÄ™, Å›wietnÄ… komunikacjÄ™ oraz miejski styl Å¼ycia w otoczeniu zieleni.

NieruchomoÅ›Ä‡ znajduje siÄ™ przy ulicy PuÅ‚awskiej, w miejscu zapewniajÄ…cym doskonaÅ‚e poÅ‚Ä…czenia z caÅ‚ym miastem - liczne linie tramwajowe i autobusowe znajdujÄ… siÄ™ tuÅ¼ obok, a stacja metra Wierzbno oddalona jest o okoÅ‚o 8 minut spacerem.

W bezpoÅ›rednim sÄ…siedztwie znajdujÄ… siÄ™ Park Arkadia, Park KrÃ³likarnia oraz Skwer AK ""Granat"", gdzie latem odbywajÄ… siÄ™ popularne targi Å›niadaniowe. Okolica sprzyja spacerom, aktywnoÅ›ci na Å›wieÅ¼ym powietrzu oraz wypoczynkowi - rÃ³wnieÅ¼ z czworonogami. Dodatkowym udogodnieniem jest lecznica weterynaryjna zaraz obok budynku.

Atutem lokalizacji jest takÅ¼e bogata oferta gastronomiczna. Burgery z KaraibÃ³w znajdujÄ… siÄ™ tuÅ¼ pod domem, roÅ›linoÅ¼ercy doceniÄ… Dozo Vegan Ramen, a w niedalekiej odlegÅ‚oÅ›ci mieÅ›ci siÄ™ kultowa restauracja i cukiernia Stary Dom. CodziennÄ… wygodÄ™ zapewniajÄ… pobliskie sklepy i punkty usÅ‚ugowe takie jak Piekarnia Grzybki, Å»abka i Biedronka.

Mieszkanie o powierzchni 86.5 mÂ² poÅ‚oÅ¼one jest na 2 piÄ™trze 3-piÄ™trowej, zadbanej, przedwojennej kamienicy z 1937 roku. Wysokie na 3 metry, skÅ‚ada siÄ™ z: oddzielnej kuchni, przestronnego salonu z balkonem, dwÃ³ch sypialni (klepka dÄ™bowa uÅ‚oÅ¼ona w jodeÅ‚kÄ™) oraz Å‚azienki z prysznicem (glazura/terakota). Funkcjonalny, dwustronny rozkÅ‚ad (wschÃ³d-zachÃ³d) zapewnia komfort codziennego uÅ¼ytkowania i naturalnÄ… wentylacjÄ™. Centralne ogrzewanie, wod-kan, gaz miejskie. Osoby zmotoryzowane majÄ… moÅ¼liwoÅ›Ä‡ parkowania na podwÃ³rzu.

PeÅ‚na wÅ‚asnoÅ›Ä‡, mieszkanie nieobciÄ…Å¼one, sprzedaÅ¼ bezpoÅ›rednia.

WyjÄ…tkowym atutem nieruchomoÅ›ci jest jej filmowa historia - mieszkanie byÅ‚o planem zdjÄ™ciowym do seriali ""Åšleboda"", ""Na dobre i na zÅ‚e"" oraz ""Ukryta prawda"", a takÅ¼e pojawiÅ‚o siÄ™ w teledysku Bryskiej - ""ZostaÅ‚eÅ›"", oraz innych realizacjach. Ten unikalny element nadaje miejscu prestiÅ¼u i niepowtarzalnego charakteru, rzadko spotykanego na warszawskim rynku nieruchomoÅ›ci.
/
I'm selling a spacious and unique apartment located in one of Warsaw's most desirable areas - the green Upper MokotÃ³w. This property is ideal for those who appreciate pre-war architecture, excellent transport connections, and an urban lifestyle surrounded by greenery.

The apartment is located on PuÅ‚awska Street, in an area providing outstanding access to all parts of the city. Numerous tram and bus lines are just steps away, and the Wierzbno metro station is approximately an 8-minute walk.

In the immediate vicinity are Arkadia Park, KrÃ³likarnia Park, and the AK ""Granat"" Square, where popular breakfast markets take place in the summer. The neighborhood is perfect for walks, outdoor activities, and relaxation - also for pet owners. An additional convenience is a veterinary clinic located right next to the building.

The location also stands out for its rich gastronomic scene. Burgery z KaraibÃ³w are available just downstairs, plant-based food lovers will appreciate Dozo Vegan Ramen, and the iconic Stary Dom restaurant and patisserie is located nearby. Everyday convenience is ensured by local shops and services such as Grzybki Bakery, Å»abka, and Biedronka.

The 86.5 mÂ² apartment is situated on the 2nd floor of a well-maintained, three-storey pre-war building from 1937. With ceilings 3 meters high, the apartment consists of a separate kitchen, a spacious living room with a balcony, two bedrooms (oak parquet laid in a herringbone pattern), and a bathroom with a shower (ceramic tiles). The functional, dual-aspect layout (east-west) ensures everyday comfort and natural ventilation. Central heating, municipal water and sewage, and gas are provided. Residents with cars have the option to park in the courtyard.

Full ownership, unencumbered property, direct sale.

A truly unique feature of this property is its cinematic history - the apartment has served as a filming location for the TV series ""Åšleboda"", ""Na dobre i na zÅ‚e"", and ""Ukryta prawda"", and appeared in Bryska's music video ""ZostaÅ‚eÅ›"", as well as in other productions. This exceptional aspect adds a distinctive character rarely found on the Warsaw real estate market.",warszawa
https://adresowo.pl/o/mieszkanie-warszawa-mokotow-ul-jaroslawa-dabrowskiego-2-pokojowe-l3z0z5,,,12,"ul. JarosÅ‚awa DÄ…browskiego, Warszawa MokotÃ³w, mazowieckie","SzukaÅ‚eÅ› komfortowego mieszkania w Warszawie?

Na sprzedaÅ¼ oferujÄ™ wyjÄ…tkowe mieszkanie o powierzchni 43,43 mÂ², zlokalizowane w klimatycznej, odrestaurowanej kamienicy z 1936 roku. To idealna propozycja dla osÃ³b ceniÄ…cych poÅ‚Ä…czenie historycznego charakteru z nowoczesnym standardem wykoÅ„czenia.

Dodatkowe udogodnienia to ogrÃ³dek i klimatyzacja. Mieszkanie jest ogrzewane miejskim systemem grzewczym.

Opis mieszkania:
- Powierzchnia: 43,43 mÂ²
- Dodatkowo: piwnica ok. 6 mÂ²
- Mieszkanie przeszÅ‚o kompleksowy remont w 2020 roku, obejmujÄ…cy m.in. instalacje, podÅ‚ogi, Å›ciany oraz wykoÅ„czenie wnÄ™trz.
- WnÄ™trze jest jasne, funkcjonalne i zaprojektowane z dbaÅ‚oÅ›ciÄ… o detale.
- Wysokie sufity oraz duÅ¼e okna podkreÅ›lajÄ… kamieniczny charakter i dodajÄ… przestrzeni.

Kamienica:
- Budynek z 1936 roku po peÅ‚nej renowacji przeprowadzonej w 2019 roku.
- Odnowiona elewacja, dach oraz czÄ™Å›ci wspÃ³lne.
- Zachowany oryginalny urok architektury miÄ™dzywojennej.
- Stabilna wspÃ³lnota i zadbane otoczenie.

Atuty nieruchomoÅ›ci:
- PoÅ‚Ä…czenie historii i nowoczesnoÅ›ci.
- Gotowe do wprowadzenia â€” nie wymaga dodatkowych nakÅ‚adÃ³w.
- DuÅ¼a piwnica zapewnia dodatkowÄ… przestrzeÅ„ do przechowywania.
- Liczne restauracje, kawiarnie i bary.
- Dobre szkoÅ‚y, przedszkola i uczelnie.
- Zielone tereny parkowe i miejsca rekreacji.
- Szybki dostÄ™p do komunikacji miejskiej: metro, tramwaje i autobusy.
- Åšwietna propozycja zarÃ³wno do zamieszkania, jak i pod inwestycjÄ™.

Nie zwlekaj! Skontaktuj siÄ™, aby umÃ³wiÄ‡ siÄ™ na oglÄ…danie tej wyjÄ…tkowej nieruchomoÅ›ci.",warszawa
https://adresowo.pl/o/mieszkanie-warszawa-rembertow-ul-stanislawa-fiszera-2-pokojowe-m6u2d2,,,3,"ul. StanisÅ‚awa Fiszera, Warszawa RembertÃ³w, mazowieckie",,warszawa
https://adresowo.pl/o/mieszkanie-warszawa-bemowo-ul-drogomilska-2-pokojowe-z3e3d0,,,10,"ul. Drogomilska, Warszawa Bemowo, mazowieckie","Nowoczesne 2-pokojowe mieszkanie | Bemowo | Balkon | GaraÅ¼
Na sprzedaÅ¼ nowoczesne, 2-pokojowe mieszkanie poÅ‚oÅ¼one na 4. piÄ™trze w budynku z windÄ… na warszawskim Bemowie. Lokal jest w peÅ‚ni wykoÅ„czony i gotowy do zamieszkania, z moÅ¼liwoÅ›ciÄ… zakupu z peÅ‚nym wyposaÅ¼eniem - idealna propozycja zarÃ³wno do zamieszkania, jak i jako inwestycja pod wynajem.

Lokalizacja i komunikacja
Mieszkanie znajduje siÄ™ w doskonale skomunikowanej czÄ™Å›ci Bemowa, zapewniajÄ…cej szybki i wygodny dojazd do centrum Warszawy oraz innych dzielnic.
Â - Przystanek tramwajowy - ok. 350 m (5 minut pieszo)
Â - Stacja metra Bemowo - ok. 1,2 km (ok. 15 minut pieszo / kilka minut komunikacjÄ…)
Â - Liczne linie autobusowe w bezpoÅ›rednim sÄ…siedztwie
Â - Szybki wyjazd na trasÄ™ S8 oraz autostradÄ™ A2
Â - W pobliÅ¼u znajdujÄ… siÄ™ sklepy, punkty usÅ‚ugowe, restauracje, placÃ³wki edukacyjne oraz tereny rekreacyjne, co zapewnia wysoki komfort codziennego Å¼ycia.

UkÅ‚ad mieszkania
Â - Salon z aneksem kuchennym - 21,79 mÂ²
Â - Sypialnia - 11,91 mÂ²
Â - Åazienka - 3,81 mÂ²
Â - PrzedpokÃ³j - 4,04 mÂ²
Â - Balkon - 4,08 mÂ²

Dodatkowe atuty
Â - Kameralny budynek z 2016 roku
Â - Winda
Â - DuÅ¼y balkon
Â - Budynek monitorowany
Â - Szerokie miejsce postojowe w garaÅ¼u podziemnym
Â - MoÅ¼liwoÅ›Ä‡ zakupu z peÅ‚nym wyposaÅ¼eniem - idealne na start lub pod wynajem
Â - Gotowe do zamieszkania od zaraz

Informacje dodatkowe
Â - Stan prawny: peÅ‚na wÅ‚asnoÅ›Ä‡
Â - Czynsz administracyjny: ok. 500 zÅ‚
Â - Miejsce postojowe w garaÅ¼u podziemnym: 50 000 zÅ‚ (zakup obligatoryjny)
Dlaczego Randall Home?
Randall Home to zespÃ³Å‚ profesjonalistÃ³w z ogromnÄ… pasjÄ… do nieruchomoÅ›ci i pracy z ludÅºmi.Â 
Naszym priorytetem zawsze sÄ… potrzeby klienta. DziÄ™ki doÅ›wiadczeniu zdobytym na rynku i peÅ‚nym zaangaÅ¼owaniu w kaÅ¼dy etap transakcji jesteÅ›my zespoÅ‚em wyznaczajÄ…cym nowe standardy na rynku obrotu nieruchomoÅ›ciami. KaÅ¼dÄ… transakcjÄ™ przeprowadzamy od A do Z dziaÅ‚ajÄ…c nieszablonowo i skutecznie.
ZespÃ³Å‚ Randall Home tworzÄ… osoby z bogatym doÅ›wiadczeniem w sprzedaÅ¼y i kompleksowej obsÅ‚ugi klienta. Wizja naszego zespoÅ‚u to coÅ› wiÄ™cej niÅ¼ standardy oferowane na rynku.
Zakup nieruchomosÌci to decyzja na lata, dla niektoÌrych na caÅ‚e zÌ‡ycie. WiaÌ¨zÌ‡e sieÌ¨ czeÌ¨sto z roÌzÌ‡nymi obawami oraz koniecznosÌciaÌ¨ zaangazÌ‡owania mnoÌstwa prywatnego czasu.
Priorytetem dla nas jest oszczeÌ¨dnosÌcÌ Twojego czasu, bezpieczenÌstwo transakcji, dopasowanie nieruchomosÌci speÅ‚niajaÌ¨cej Twoje kryteria oraz zapewnienie komfortu i satysfakcji. Znakomicie znamy rynek, posiadamy oferty, ktoÌrych nie ma w internecie i znajdujemy nieruchomosÌci marzenÌ.
Posiadamy podobne mieszkania w tej i innych inwestycjach - skontaktuj siÄ™ z nami
a z chÄ™ciÄ… zaproponujemy Ci nieruchomoÅ›ci dopasowane do Ciebie!
Przedstawiona wyÅ¼ej oferta nie jest ofertÄ… handlowÄ… w rozumieniu przepisÃ³w prawa, lecz ma charakter informacyjny.",warszawa
https://adresowo.pl/o/mieszkanie-warszawa-praga-poludnie-ul-gen-stanislawa-skalskiego-2-pokojowe-n4l9y6,,,9,"ul. gen. StanisÅ‚awa Skalskiego, Warszawa Praga-PoÅ‚udnie, mazowieckie","2-pokojowe mieszkanie zlokalizowane na Pradze-PoÅ‚udnie przy ul. Skalskiego - Osiedle Saska.

BUDYNEK/OSIEDLE
Mieszkanie znajduje siÄ™ na  5 piÄ™trze w 7  piÄ™trowym budynku.

Rok budowy: 2013
 
NIERUCHOMOÅšÄ†
Mieszkanie o powierzchni  36,9m2 skÅ‚ada siÄ™ z:
-salonu poÅ‚Ä…czonego z otwartÄ… kuchniÄ…, 
-sypialni, 
-Å‚azienki,
-holu.

Powierzchnia dodatkowa:
-balkon.

Czynsz administracyjny wynosi  okoÅ‚o 650zÅ‚.

Mieszkanie wÅ‚asnoÅ›ciowe.

Do mieszkania przynaleÅ¼y, pÅ‚atne dodatkowo:
-miejsce parkingowe: 55 000zÅ‚,
-komÃ³rka lokatorska: 20 000zÅ‚.

Ekspozycja okien- poÅ‚udnie.

OKOLICA
DoskonaÅ‚a lokalizacja z peÅ‚nÄ… infrastrukturÄ… miejskÄ… w zasiÄ™gu rÄ™ki ? liczne sklepy, punkty usÅ‚ugowe oraz wygodna komunikacja miejska. Wszystko to w prestiÅ¼owej okolicy, tuÅ¼ obok klimatycznej Saskiej KÄ™py.
Zapraszam na prezentacjÄ™ nieruchomoÅ›ci.

W razie zainteresowania prosimy o kontakt: 
,

PowyÅ¼sza oferta ma charakter informacyjny i nie stanowi oferty handlowej w rozumieniu art. 66 Â§1 Kodeksu Cywilnego.

BezpÅ‚atnie pomagamy znaleÅºÄ‡ najkorzystniejszÄ… na rynku ofertÄ™ kredytowÄ….

Na Å¼yczenie w ramach prezentacji nieruchomoÅ›ci moÅ¼liwoÅ›Ä‡  przeprowadzenia przez firmÄ™ budowlanÄ… oceny stanu mieszkania i wycenÄ™ remontu.",warszawa
